Feature,Correlation_With_GER
ptr_all_reg,-0.35988256830087456
gpi_all,-0.33358325913177744
gpi_st,-0.3156928696376971
gpi_sc,-0.21281314368619428
teacher_st_female,-0.21097410002136568
enr_st_female,-0.20243216058150654
enr_st_total,-0.18622904536180862
enr_st_male,-0.16889941070077333
teacher_st_total,-0.1313596697926168
ptr_all_reg_dist,-0.12613941620869984
